seg,t_start,t_end,length_ms,k_max,k_min,d12_frac,hq_frac,d60cop,d5,d10,d15,d20,d30,tower_native,pred_frac,tight,kstep,koide_frac
0,0.0000,0.0289,28.9,-70,-678,0.3479,0.3121,0.2046,0.0688,0.0463,0.1101,0.1405,0.0735,0.6437,0.0022,0.8483,66.3,0.5136
1,0.0289,0.0534,24.5,-81,-678,0.3477,0.3068,0.2152,0.0699,0.0511,0.1142,0.1504,0.0550,0.6557,0.0094,0.8484,59.7,0.5208
2,0.0534,0.0945,41.1,-73,-678,0.3520,0.3007,0.2062,0.0787,0.0500,0.1110,0.1445,0.0676,0.6581,0.0185,0.8465,63.9,0.5384
3,0.0945,0.1052,10.7,-80,-678,0.3648,0.3074,0.2062,0.0661,0.0516,0.1158,0.1401,0.0554,0.6352,0.0311,0.8501,73.8,0.5471
4,0.1052,0.1154,10.2,-76,-678,0.3578,0.2997,0.2008,0.0612,0.0520,0.1060,0.1335,0.0499,0.6035,0.0224,0.8539,73.1,0.5175
5,0.1154,0.1317,16.3,-81,-678,0.3378,0.3320,0.2284,0.0618,0.0431,0.1165,0.1609,0.0566,0.6673,0.0211,0.8426,60.8,0.5316
6,0.1317,0.1419,10.2,-78,-678,0.3453,0.2950,0.1912,0.0647,0.0452,0.1100,0.1429,0.0555,0.6095,0.0348,0.8551,63.3,0.5070
7,0.1419,0.1519,10.0,-81,-678,0.3621,0.3101,0.1915,0.0749,0.0531,0.1103,0.1717,0.0635,0.6649,0.0332,0.8429,64.0,0.5167
8,0.1519,0.1862,34.2,-76,-678,0.3359,0.3066,0.1999,0.0771,0.0561,0.1149,0.1286,0.0524,0.6291,0.0231,0.8511,72.5,0.5208
9,0.1862,0.2172,31.0,-80,-678,0.3349,0.3228,0.1981,0.0778,0.0505,0.1173,0.1435,0.0586,0.6459,0.0296,0.8471,69.7,0.5278
10,0.2172,0.2272,10.0,-79,-678,0.3479,0.3010,0.1771,0.0740,0.0594,0.1177,0.1562,0.0635,0.6479,0.0281,0.8456,59.7,0.5313
11,0.2272,0.2474,20.1,-81,-678,0.3420,0.3031,0.1995,0.0694,0.0487,0.1041,0.1425,0.0575,0.6218,0.0300,0.8531,65.5,0.4989
12,0.2474,0.2991,51.7,-72,-678,0.3375,0.3252,0.2035,0.0733,0.0484,0.1207,0.1427,0.0589,0.6476,0.0276,0.8460,64.2,0.5280
13,0.2991,0.3291,30.0,-80,-678,0.3373,0.3046,0.1961,0.0761,0.0529,0.1144,0.1387,0.0598,0.6380,0.0250,0.8490,65.6,0.5429
14,0.3291,0.3393,10.1,-76,-678,0.3381,0.3032,0.2364,0.0617,0.0462,0.1223,0.1490,0.0524,0.6680,0.0257,0.8423,59.1,0.5137
15,0.3393,0.3501,10.8,-83,-678,0.3562,0.2819,0.1892,0.0763,0.0463,0.1120,0.1419,0.0502,0.6158,0.0298,0.8552,66.9,0.4945
16,0.3501,0.3613,11.1,-77,-678,0.3308,0.3299,0.2202,0.0637,0.0534,0.1162,0.1537,0.0740,0.6813,0.0280,0.8434,68.3,0.5134
17,0.3613,0.3828,21.5,-81,-678,0.3390,0.3186,0.1880,0.0763,0.0510,0.1224,0.1452,0.0447,0.6275,0.0358,0.8515,69.0,0.5310
18,0.3828,0.3931,10.3,-75,-678,0.3228,0.3401,0.2020,0.0721,0.0508,0.1178,0.1492,0.0670,0.6589,0.0233,0.8460,55.4,0.5174
19,0.3931,0.4043,11.2,-80,-678,0.3247,0.3006,0.1883,0.0826,0.0482,0.1104,0.1354,0.0482,0.6132,0.0306,0.8573,71.6,0.5454
20,0.4043,0.4466,42.3,-73,-678,0.3478,0.3144,0.2051,0.0757,0.0497,0.1126,0.1423,0.0690,0.6544,0.0293,0.8445,62.2,0.5257
21,0.4466,0.4755,28.9,-80,-678,0.3272,0.3200,0.1902,0.0752,0.0521,0.1186,0.1475,0.0571,0.6406,0.0296,0.8475,65.6,0.5259
22,0.4755,0.5221,46.6,-71,-678,0.3361,0.3188,0.2131,0.0700,0.0496,0.1164,0.1396,0.0617,0.6504,0.0293,0.8470,63.0,0.5128
23,0.5221,0.5415,19.3,-80,-678,0.3285,0.3231,0.2010,0.0675,0.0384,0.1172,0.1475,0.0589,0.6305,0.0345,0.8478,61.0,0.5235
24,0.5415,0.5516,10.2,-78,-678,0.3125,0.3473,0.2305,0.0625,0.0492,0.1301,0.1404,0.0564,0.6691,0.0307,0.8435,66.8,0.5358
25,0.5516,0.5617,10.1,-80,-678,0.3340,0.3247,0.2058,0.0714,0.0507,0.1200,0.1572,0.0569,0.6618,0.0258,0.8412,58.3,0.5375
26,0.5617,0.6790,117.3,-70,-678,0.3389,0.3257,0.2049,0.0680,0.0535,0.1206,0.1406,0.0694,0.6569,0.0253,0.8446,64.7,0.5221
27,0.6790,0.7023,23.3,-80,-678,0.3233,0.3134,0.2039,0.0718,0.0422,0.1019,0.1500,0.0575,0.6273,0.0290,0.8499,69.9,0.5290
28,0.7023,0.7123,10.0,-78,-678,0.3635,0.3146,0.2000,0.0594,0.0604,0.1146,0.1385,0.0510,0.6240,0.0291,0.8529,80.4,0.5221
29,0.7123,0.7240,11.7,-80,-678,0.3381,0.3131,0.1986,0.0635,0.0447,0.1145,0.1458,0.0662,0.6333,0.0303,0.8477,71.3,0.5005
30,0.7240,0.7656,41.6,-73,-678,0.3422,0.3178,0.2175,0.0631,0.0513,0.1169,0.1378,0.0709,0.6575,0.0216,0.8450,65.6,0.5153
31,0.7656,0.7856,20.0,-83,-678,0.3471,0.2875,0.1971,0.0789,0.0450,0.1124,0.1532,0.0565,0.6430,0.0447,0.8473,54.7,0.5271
32,0.7856,0.8134,27.8,-76,-678,0.3387,0.3090,0.2107,0.0653,0.0503,0.1153,0.1329,0.0597,0.6342,0.0273,0.8493,67.7,0.5277
33,0.8134,0.8829,69.4,-80,-678,0.3350,0.3141,0.2040,0.0723,0.0509,0.1147,0.1378,0.0569,0.6367,0.0293,0.8488,63.8,0.5201
34,0.8829,0.9298,46.9,-77,-678,0.3500,0.3231,0.1969,0.0693,0.0538,0.1236,0.1380,0.0702,0.6518,0.0284,0.8469,61.9,0.5355
35,0.9298,0.9715,41.8,-80,-678,0.3417,0.3048,0.1957,0.0697,0.0492,0.1189,0.1458,0.0630,0.6422,0.0245,0.8485,64.7,0.5339
36,0.9715,1.0266,55.0,-75,-678,0.3369,0.3146,0.2108,0.0734,0.0468,0.1192,0.1390,0.0584,0.6475,0.0331,0.8472,62.3,0.5135
37,1.0266,1.0367,10.1,-80,-678,0.3547,0.3040,0.2058,0.0817,0.0641,0.1024,0.1396,0.0476,0.6412,0.0258,0.8509,71.7,0.5633
38,1.0367,1.0555,18.8,-78,-678,0.3405,0.3006,0.2097,0.0810,0.0599,0.1082,0.1337,0.0549,0.6473,0.0277,0.8433,59.9,0.5152
39,1.0555,1.0738,18.3,-81,-678,0.3312,0.3352,0.2085,0.0611,0.0508,0.1182,0.1485,0.0628,0.6499,0.0251,0.8458,63.2,0.5255
40,1.0738,1.0845,10.7,-77,-678,0.3463,0.3083,0.1844,0.0654,0.0585,0.1415,0.1532,0.0624,0.6654,0.0184,0.8431,58.3,0.5081
41,1.0845,1.0946,10.1,-81,-678,0.3495,0.2865,0.1737,0.0734,0.0496,0.1055,0.1375,0.0569,0.5967,0.0432,0.8569,64.0,0.5237
42,1.0946,2.4482,1353.6,-33,-678,0.3359,0.3306,0.2248,0.0627,0.0567,0.1171,0.1232,0.1063,0.6907,0.0077,0.8397,48.9,0.5134
43,2.4482,2.4614,13.2,-80,-678,0.3325,0.3191,0.1975,0.0671,0.0569,0.1201,0.1461,0.0585,0.6461,0.0283,0.8474,67.8,0.5160
44,2.4614,2.4775,16.1,-76,-678,0.3256,0.3333,0.2121,0.0636,0.0428,0.1258,0.1440,0.0681,0.6563,0.0343,0.8448,61.4,0.5291
45,2.4775,2.4997,22.2,-80,-678,0.3333,0.3230,0.1963,0.0805,0.0518,0.1281,0.1285,0.0584,0.6436,0.0258,0.8477,69.0,0.5348
46,2.4997,2.5411,41.4,-74,-678,0.3399,0.3215,0.2027,0.0691,0.0567,0.1130,0.1412,0.0661,0.6488,0.0232,0.8480,63.8,0.5090
47,2.5411,2.5561,15.0,-80,-678,0.3435,0.3421,0.1885,0.0793,0.0522,0.1273,0.1321,0.0598,0.6391,0.0250,0.8501,63.8,0.5281
48,2.5561,2.6445,88.4,-73,-678,0.3416,0.3201,0.1944,0.0703,0.0520,0.1221,0.1449,0.0622,0.6459,0.0279,0.8467,65.8,0.5203
49,2.6445,2.6742,29.7,-82,-678,0.3358,0.3150,0.1922,0.0785,0.0489,0.1130,0.1461,0.0454,0.6241,0.0372,0.8516,68.1,0.5178
50,2.6742,2.7019,27.7,-75,-678,0.3392,0.3219,0.2024,0.0761,0.0464,0.1259,0.1349,0.0622,0.6479,0.0248,0.8453,63.9,0.5336
51,2.7019,2.7168,14.9,-80,-678,0.3282,0.3176,0.2003,0.0794,0.0478,0.1286,0.1363,0.0654,0.6578,0.0364,0.8465,61.4,0.5337
52,2.7168,2.7309,14.1,-77,-678,0.3596,0.3224,0.2155,0.0624,0.0483,0.1010,0.1501,0.0743,0.6516,0.0289,0.8445,72.2,0.5235
53,2.7309,2.7494,18.5,-82,-678,0.3482,0.3234,0.1893,0.0614,0.0699,0.1099,0.1420,0.0496,0.6220,0.0354,0.8538,75.3,0.5192
54,2.7494,2.8114,62.0,-73,-678,0.3415,0.3196,0.1999,0.0680,0.0494,0.1203,0.1445,0.0530,0.6350,0.0294,0.8490,66.7,0.5191
55,2.8114,2.8365,25.2,-80,-678,0.3453,0.3028,0.1963,0.0682,0.0483,0.1127,0.1298,0.0666,0.6219,0.0265,0.8518,65.3,0.5158
56,2.8365,3.4691,632.5,-29,-678,0.3369,0.3259,0.2195,0.0660,0.0551,0.1150,0.1294,0.0925,0.6774,0.0155,0.8421,54.6,0.5181
57,3.4691,3.4849,15.8,-80,-678,0.3481,0.3243,0.2169,0.0725,0.0554,0.1140,0.1378,0.0514,0.6480,0.0303,0.8451,69.5,0.5169
58,3.4849,4.5709,1086.0,-18,-678,0.3372,0.3264,0.2201,0.0654,0.0550,0.1162,0.1250,0.0967,0.6783,0.0119,0.8417,53.4,0.5167
59,4.5709,4.5859,15.0,-83,-678,0.3405,0.3148,0.2110,0.0696,0.0508,0.1247,0.1247,0.0592,0.6400,0.0312,0.8475,71.1,0.5358
60,4.5859,4.6513,65.4,-74,-678,0.3488,0.3203,0.2029,0.0710,0.0530,0.1134,0.1443,0.0659,0.6506,0.0271,0.8474,65.0,0.5212
61,4.6513,4.6732,21.9,-80,-678,0.3218,0.3289,0.2201,0.0708,0.0504,0.1103,0.1478,0.0513,0.6507,0.0294,0.8476,64.1,0.5440
62,4.6732,4.7214,48.2,-74,-678,0.3356,0.3269,0.1961,0.0672,0.0500,0.1222,0.1516,0.0574,0.6445,0.0305,0.8479,63.0,0.5251
63,4.7214,4.7318,10.4,-80,-678,0.3367,0.3256,0.2167,0.0605,0.0333,0.1210,0.1381,0.0776,0.6472,0.0231,0.8485,71.9,0.4860
64,4.7318,5.9370,1205.2,-27,-678,0.3347,0.3342,0.2272,0.0617,0.0574,0.1189,0.1226,0.1088,0.6967,0.0057,0.8386,45.5,0.5131
65,5.9370,5.9488,11.8,-80,-678,0.3572,0.3218,0.2007,0.0654,0.0424,0.1300,0.1370,0.0628,0.6384,0.0370,0.8481,65.3,0.5413
66,5.9488,5.9843,35.5,-77,-678,0.3379,0.3215,0.2097,0.0612,0.0482,0.1203,0.1406,0.0629,0.6429,0.0264,0.8460,65.3,0.5107
67,5.9843,5.9962,11.9,-82,-678,0.3471,0.2925,0.1850,0.0661,0.0537,0.1225,0.1463,0.0546,0.6282,0.0359,0.8509,70.5,0.5177
68,5.9962,6.0377,41.6,-77,-678,0.3427,0.3121,0.2139,0.0718,0.0537,0.1105,0.1411,0.0590,0.6500,0.0288,0.8453,64.7,0.5286
69,6.0377,6.0562,18.4,-81,-678,0.3419,0.3083,0.1811,0.0857,0.0454,0.1193,0.1493,0.0522,0.6332,0.0356,0.8492,62.2,0.5225
70,6.0562,6.1017,45.5,-74,-678,0.3471,0.3111,0.2121,0.0742,0.0468,0.1150,0.1504,0.0535,0.6520,0.0306,0.8439,67.1,0.5286
71,6.1017,6.1482,46.5,-80,-678,0.3363,0.3172,0.2030,0.0750,0.0532,0.1239,0.1347,0.0564,0.6462,0.0305,0.8458,67.3,0.5430
72,6.1482,6.2632,115.0,-65,-678,0.3393,0.3229,0.2130,0.0723,0.0517,0.1168,0.1404,0.0668,0.6610,0.0214,0.8434,63.7,0.5258
73,6.2632,6.2812,18.0,-80,-678,0.3583,0.3090,0.1977,0.0765,0.0539,0.1322,0.1519,0.0638,0.6759,0.0295,0.8375,58.6,0.5182
74,6.2812,7.7151,1433.9,0,-678,0.3368,0.3273,0.2169,0.0671,0.0543,0.1165,0.1304,0.0889,0.6742,0.0139,0.8424,55.7,0.5188
75,7.7151,7.7286,13.5,-81,-678,0.3344,0.3328,0.2065,0.0724,0.0408,0.1194,0.1703,0.0501,0.6595,0.0308,0.8439,70.4,0.5198
76,7.7286,8.0349,306.3,-46,-678,0.3388,0.3273,0.2215,0.0651,0.0557,0.1147,0.1314,0.0883,0.6768,0.0152,0.8422,56.8,0.5198
77,8.0349,8.0495,14.6,-81,-678,0.3336,0.3228,0.1954,0.0730,0.0515,0.1174,0.1410,0.0580,0.6364,0.0264,0.8482,65.0,0.5126
78,8.0495,8.1221,72.6,-74,-678,0.3421,0.2990,0.2099,0.0767,0.0470,0.1116,0.1386,0.0623,0.6462,0.0306,0.8478,62.1,0.5210
79,8.1221,8.1437,21.6,-80,-678,0.3375,0.3206,0.1879,0.0780,0.0441,0.1225,0.1453,0.0557,0.6334,0.0289,0.8499,67.9,0.5116
80,8.1437,8.1679,24.1,-76,-678,0.3459,0.2961,0.1926,0.0654,0.0597,0.1182,0.1277,0.0615,0.6251,0.0246,0.8527,72.3,0.5274
81,8.1679,8.2136,45.8,-80,-678,0.3483,0.2990,0.1919,0.0704,0.0455,0.1165,0.1567,0.0553,0.6361,0.0325,0.8499,61.1,0.5248
82,8.2136,8.2515,37.8,-74,-678,0.3440,0.3208,0.2118,0.0702,0.0503,0.1170,0.1399,0.0561,0.6455,0.0295,0.8457,67.9,0.5217
83,8.2515,8.2694,17.9,-81,-678,0.3392,0.2794,0.1781,0.0691,0.0457,0.1142,0.1400,0.0568,0.6040,0.0326,0.8571,64.6,0.5121
84,8.2694,8.2794,10.0,-79,-678,0.3312,0.3208,0.2038,0.0669,0.0481,0.1243,0.1233,0.0669,0.6332,0.0229,0.8537,65.4,0.5055
85,8.2794,8.3081,28.7,-82,-678,0.3328,0.3110,0.1939,0.0718,0.0510,0.1240,0.1506,0.0525,0.6438,0.0337,0.8486,62.2,0.5428
86,8.3081,8.3688,60.6,-73,-678,0.3293,0.3243,0.2051,0.0707,0.0512,0.1208,0.1341,0.0605,0.6423,0.0290,0.8474,66.3,0.5265
87,8.3688,8.3906,21.9,-80,-678,0.3434,0.3046,0.1951,0.0636,0.0459,0.1296,0.1492,0.0493,0.6327,0.0357,0.8479,66.9,0.5508
88,8.3906,8.4006,10.0,-79,-678,0.3448,0.3229,0.1938,0.0646,0.0417,0.1292,0.1604,0.0604,0.6500,0.0291,0.8477,82.8,0.5118
89,8.4006,8.4132,12.6,-80,-678,0.3466,0.3225,0.2136,0.0557,0.0632,0.1022,0.1446,0.0507,0.6301,0.0431,0.8502,55.8,0.4828
90,8.4132,8.5008,87.6,-75,-678,0.3350,0.3318,0.1956,0.0678,0.0513,0.1150,0.1500,0.0588,0.6386,0.0263,0.8492,69.4,0.5335
91,8.5008,8.5443,43.5,-80,-678,0.3452,0.3055,0.2015,0.0718,0.0490,0.1119,0.1475,0.0548,0.6366,0.0345,0.8487,58.8,0.5258
92,8.5443,8.5572,12.9,-75,-678,0.3436,0.3225,0.1933,0.0658,0.0496,0.1243,0.1397,0.0496,0.6223,0.0275,0.8537,68.5,0.5452
93,8.5572,8.5725,15.3,-82,-678,0.3222,0.3154,0.1829,0.0795,0.0428,0.1020,0.1530,0.0483,0.6084,0.0367,0.8538,72.3,0.5197
94,8.5725,8.5985,26.0,-76,-678,0.3458,0.3060,0.1934,0.0716,0.0571,0.1037,0.1355,0.0559,0.6172,0.0368,0.8548,70.9,0.5193
95,8.5985,8.6093,10.8,-80,-678,0.3476,0.2942,0.2136,0.0660,0.0631,0.1097,0.1320,0.0563,0.6408,0.0271,0.8447,63.8,0.5298
96,8.6093,8.6365,27.2,-76,-678,0.3483,0.3245,0.1959,0.0799,0.0499,0.1121,0.1356,0.0572,0.6306,0.0249,0.8486,67.1,0.5174
97,8.6365,8.6589,22.4,-81,-678,0.3461,0.3036,0.1908,0.0762,0.0351,0.1137,0.1506,0.0627,0.6291,0.0293,0.8490,65.5,0.5220
98,8.6589,8.6881,29.2,-75,-678,0.3372,0.3214,0.2044,0.0791,0.0497,0.1110,0.1507,0.0583,0.6532,0.0267,0.8451,57.1,0.5213
99,8.6881,8.7001,12.0,-81,-678,0.3261,0.3313,0.1944,0.0759,0.0401,0.1221,0.1613,0.0558,0.6495,0.0287,0.8469,65.8,0.5390
100,8.7001,8.7101,10.1,-77,-678,0.3174,0.3299,0.2133,0.0676,0.0531,0.1290,0.1342,0.0593,0.6566,0.0269,0.8438,62.6,0.5385
101,8.7101,8.7220,11.9,-82,-678,0.3802,0.2915,0.1958,0.0764,0.0465,0.1185,0.1501,0.0430,0.6304,0.0298,0.8484,65.0,0.5064
102,8.7220,8.7486,26.6,-78,-678,0.3473,0.3053,0.1953,0.0715,0.0566,0.1167,0.1422,0.0574,0.6397,0.0360,0.8488,70.9,0.5331
103,8.7486,8.7679,19.2,-80,-678,0.3381,0.3206,0.1936,0.0703,0.0518,0.1161,0.1494,0.0562,0.6374,0.0293,0.8463,66.0,0.5192
104,8.7679,8.7779,10.0,-79,-678,0.3420,0.3306,0.2138,0.0782,0.0615,0.1168,0.1241,0.0521,0.6465,0.0385,0.8474,59.0,0.5379
105,8.7779,8.7944,16.5,-80,-678,0.3375,0.3117,0.2057,0.0681,0.0517,0.1155,0.1546,0.0625,0.6580,0.0353,0.8436,73.6,0.5492
106,8.7944,8.8045,10.1,-79,-678,0.3178,0.3188,0.1936,0.0776,0.0507,0.1149,0.1253,0.0590,0.6211,0.0320,0.8523,67.0,0.5231
107,8.8045,8.8367,32.2,-80,-678,0.3485,0.3206,0.1944,0.0685,0.0503,0.1210,0.1382,0.0623,0.6347,0.0282,0.8481,59.1,0.5190
108,8.8367,8.8974,60.7,-76,-678,0.3404,0.3239,0.2047,0.0710,0.0535,0.1129,0.1397,0.0578,0.6396,0.0340,0.8472,62.4,0.5355
109,8.8974,8.9445,47.1,-81,-678,0.3433,0.3038,0.1955,0.0692,0.0490,0.1196,0.1440,0.0522,0.6296,0.0329,0.8504,63.2,0.5280
110,8.9445,8.9962,51.7,-75,-678,0.3406,0.3104,0.2100,0.0755,0.0484,0.1120,0.1385,0.0553,0.6396,0.0284,0.8493,64.5,0.5348
111,8.9962,9.0381,41.9,-80,-678,0.3453,0.3098,0.1904,0.0745,0.0487,0.1144,0.1449,0.0495,0.6224,0.0336,0.8502,60.3,0.5387
112,9.0381,9.0481,10.1,-79,-678,0.3666,0.3157,0.2108,0.0571,0.0633,0.1153,0.1443,0.0665,0.6573,0.0321,0.8452,62.9,0.4894
113,9.0481,9.0727,24.6,-82,-678,0.3474,0.2955,0.1998,0.0787,0.0485,0.1088,0.1322,0.0565,0.6246,0.0356,0.8517,66.7,0.5216
114,9.0727,9.0943,21.5,-76,-678,0.3328,0.3129,0.1876,0.0748,0.0442,0.1234,0.1317,0.0617,0.6234,0.0314,0.8515,66.7,0.5164
115,9.0943,9.1081,13.8,-80,-678,0.3434,0.3252,0.2115,0.0758,0.0553,0.1145,0.1478,0.0425,0.6475,0.0211,0.8474,64.2,0.5264
116,9.1081,9.1763,68.3,-71,-678,0.3376,0.3032,0.2033,0.0743,0.0512,0.1144,0.1415,0.0566,0.6414,0.0319,0.8500,66.7,0.5230
117,9.1763,9.1938,17.4,-81,-678,0.3637,0.2936,0.2001,0.0761,0.0407,0.1138,0.1582,0.0509,0.6399,0.0257,0.8481,63.1,0.5075
118,9.1938,9.2142,20.4,-76,-678,0.3439,0.3004,0.2014,0.0697,0.0564,0.1092,0.1425,0.0507,0.6299,0.0306,0.8509,64.0,0.5435
119,9.2142,9.2334,19.2,-80,-678,0.3504,0.2998,0.1888,0.0664,0.0468,0.1317,0.1387,0.0473,0.6197,0.0260,0.8519,69.2,0.5252
120,9.2334,9.2436,10.2,-79,-678,0.3576,0.2982,0.2141,0.0666,0.0502,0.1158,0.1230,0.0502,0.6199,0.0348,0.8520,68.9,0.5521
121,9.2436,9.2648,21.2,-82,-678,0.3489,0.2982,0.1962,0.0798,0.0527,0.1020,0.1212,0.0557,0.6077,0.0290,0.8555,58.4,0.5245
122,9.2648,9.2749,10.0,-79,-678,0.3424,0.3225,0.2088,0.0689,0.0522,0.1106,0.1326,0.0647,0.6378,0.0322,0.8502,68.1,0.4978
123,9.2749,9.2873,12.4,-81,-678,0.3243,0.3134,0.1955,0.0783,0.0497,0.1146,0.1550,0.0539,0.6470,0.0252,0.8481,56.0,0.5397
124,9.2873,9.3276,40.4,-78,-678,0.3248,0.3269,0.1886,0.0761,0.0469,0.1204,0.1479,0.0515,0.6314,0.0304,0.8496,60.3,0.5276
125,9.3276,9.3536,26.0,-80,-678,0.3332,0.3135,0.1986,0.0709,0.0516,0.1144,0.1426,0.0463,0.6245,0.0357,0.8506,68.8,0.5253
126,9.3536,9.3784,24.8,-76,-678,0.3197,0.3281,0.1839,0.0768,0.0472,0.1316,0.1396,0.0557,0.6348,0.0362,0.8486,65.5,0.5461
127,9.3784,9.3945,16.1,-81,-678,0.3476,0.3191,0.2153,0.0726,0.0519,0.1089,0.1401,0.0551,0.6440,0.0278,0.8487,61.3,0.5138
128,9.3945,9.4165,22.0,-78,-678,0.3425,0.2998,0.2106,0.0631,0.0517,0.1290,0.1433,0.0621,0.6599,0.0270,0.8437,62.5,0.5501
129,9.4165,9.4311,14.6,-81,-678,0.3278,0.3142,0.1887,0.0854,0.0473,0.1090,0.1255,0.0502,0.6062,0.0358,0.8548,58.4,0.5224
130,9.4311,9.4954,64.3,-75,-678,0.3372,0.3199,0.1914,0.0791,0.0484,0.1113,0.1442,0.0538,0.6282,0.0297,0.8496,65.8,0.5276
131,9.4954,9.5226,27.3,-80,-678,0.3541,0.2960,0.2120,0.0730,0.0500,0.1161,0.1383,0.0550,0.6444,0.0355,0.8479,68.3,0.5250
132,9.5226,9.5726,50.0,-74,-678,0.3466,0.3019,0.1958,0.0737,0.0503,0.1173,0.1382,0.0580,0.6334,0.0362,0.8508,61.7,0.5168
133,9.5726,9.5926,19.9,-81,-678,0.3418,0.3070,0.1985,0.0690,0.0448,0.1143,0.1522,0.0427,0.6214,0.0287,0.8497,65.3,0.5242
134,9.5926,9.6082,15.7,-79,-678,0.3373,0.3293,0.1989,0.0739,0.0506,0.1251,0.1464,0.0645,0.6593,0.0279,0.8458,65.2,0.5312
135,9.6082,9.6351,26.8,-81,-678,0.3158,0.3423,0.1990,0.0736,0.0518,0.1203,0.1328,0.0607,0.6382,0.0365,0.8484,59.6,0.5491
136,9.6351,9.6655,30.4,-75,-678,0.3295,0.3199,0.2061,0.0745,0.0479,0.1186,0.1441,0.0565,0.6477,0.0295,0.8460,56.2,0.5290
137,9.6655,9.6777,12.2,-81,-678,0.3402,0.3120,0.1966,0.0709,0.0393,0.1034,0.1607,0.0556,0.6265,0.0383,0.8521,66.5,0.4946
138,9.6777,9.7045,26.8,-74,-678,0.3384,0.3169,0.1801,0.0813,0.0457,0.1239,0.1434,0.0500,0.6245,0.0412,0.8489,63.6,0.5084
139,9.7045,9.7166,12.1,-82,-678,0.3388,0.3405,0.2103,0.0802,0.0319,0.1155,0.1543,0.0552,0.6474,0.0250,0.8440,69.9,0.5381
140,9.7166,9.7280,11.4,-76,-678,0.3330,0.3074,0.1995,0.0732,0.0439,0.1098,0.1382,0.0522,0.6167,0.0301,0.8542,68.8,0.5354
